Incident ID,Incident Date,State,City Or County,Address,# Killed,# Injured
2491656,31-Dec-22,Arizona,Phoenix,4201 N 19th Ave,0,9
2492253,31-Dec-22,Alabama,Mobile,200 block of Dauphin St,1,8
2491054,30-Dec-22,Tennessee,Memphis,E Brooks Rd,1,3
2490925,30-Dec-22,Texas,Humble,4800 block of Park Square Ln,2,3
2489614,28-Dec-22,New York,Bronx,851 E Tremont Ave,1,3
2490150,28-Dec-22,Texas,Dallas,9500 block of Scyene Rd,0,6
2488952,27-Dec-22,District of Columbia,Washington,2300 block of Pennsylvania Ave SE,0,4
2489345,27-Dec-22,Ohio,Columbus,900 block of Bellows Ave,0,5
2489124,27-Dec-22,California,Eureka,4000 block of Crane St,2,2
2488209,26-Dec-22,Louisiana,New Orleans,2031 St Maurice Ave,2,4
2487989,24-Dec-22,Mississippi,Columbus,90 block of Luxapalila Dr,1,4
2487517,23-Dec-22,Kansas,Wichita,900 block of S Mission Rd,2,2
2485011,19-Dec-22,Florida,Lake City,NW Dixie Ave and NW Wright Ln,0,5
2484083,18-Dec-22,California,Santa Ana,2112 S Main St,1,3
2483594,18-Dec-22,Oklahoma,Oklahoma City,311 S Klein Ave,0,4
2483489,17-Dec-22,Georgia,Atlanta,3000 Continental Colony Pkwy SW,2,3
2482288,16-Dec-22,Illinois,Chicago,2150 S Laflin St,2,2
2483188,16-Dec-22,Georgia,Valdosta,611 E Ann St,2,2
2483108,16-Dec-22,Texas,Dallas,2691 John West Rd,0,5
2482711,16-Dec-22,Tennessee,Memphis,831 Springdale Run Dr,0,5
2482119,15-Dec-22,California,Los Angeles,Florence Ave,0,4
2480430,13-Dec-22,New York,Rochester,Atlantic Ave and Illinois St,1,4
2479678,12-Dec-22,New York,Bronx,388 E 141st St,0,4
2478664,11-Dec-22,Illinois,Chicago,3235 N Central Ave,3,1
2478061,9-Dec-22,Arizona,Phoenix,S 21st and W Burgess LN,1,3
2477622,8-Dec-22,Michigan,Detroit,1114 Washington Blvd,0,4
2477404,8-Dec-22,Louisiana,New Orleans,4242 Chef Menteur Hwy,0,4
2475554,6-Dec-22,New York,Bronx,Daly Ave and E 180th St,0,4
2475546,6-Dec-22,Georgia,Macon,159 Steven Dr,3,1
2474143,4-Dec-22,Illinois,Zion,1800 block of Horeb Ave,0,5
2472924,1-Dec-22,Texas,San Antonio,4200 block of S Cibolo St,0,4
2471298,30-Nov-22,Louisiana,Lake Charles,510 Broad St,0,8
2469354,27-Nov-22,Florida,Tallahassee,2101 Wahnish Way,1,4
2468894,27-Nov-22,Louisiana,New Orleans,200 block of Bourbon St,0,5
2468745,26-Nov-22,Georgia,Atlanta,117 17th St NW,2,4
2468642,26-Nov-22,Alabama,Mobile,216 Dauphin St,0,4
2468325,26-Nov-22,Illinois,Chicago,12700 block of S Halsted St,2,2
2468162,25-Nov-22,Georgia,Atlanta,2700 block of Gresham Rd,1,3
2467743,24-Nov-22,California,Costa Mesa,400 block of Bay St,1,4
2467661,24-Nov-22,Texas,Houston,1511 Baggett Ln,2,2
2466835,23-Nov-22,Maryland,Temple Hills,2300 block of Iverson St,0,4
2466431,23-Nov-22,Pennsylvania,Philadelphia,1901 N 60th St,0,4
2465761,22-Nov-22,Virginia,Chesapeake,1521 Sam's Circle,7,6
2465213,22-Nov-22,Florida,West Palm Beach,600 block of Snead Cir,2,2
2464943,20-Nov-22,Oklahoma,Hennessey,2372 N 2760 Rd,4,1
2464272,20-Nov-22,Texas,Dallas,2000 S Beckley Ave,0,4
2463465,19-Nov-22,Colorado,Colorado Springs,3430 N Academy Blvd,5,17
2464352,19-Nov-22,Illinois,Washington Park,Bunkum Rd and N 45th St,1,3
2463882,19-Nov-22,Mississippi,Philadelphia,560 Line St,1,6
2462457,18-Nov-22,Virginia,Richmond,4275 Laurel Oak Rd,4,0
2458727,13-Nov-22,Pennsylvania,Philadelphia,400 block of E Wyoming Ave,0,4
2458676,13-Nov-22,North Carolina,Enfield,1662 Green Acres Rd,1,5
2458863,13-Nov-22,Nebraska,Omaha,3347 Ames Ave,1,7
2459150,13-Nov-22,Virginia,Charlottesville,130 Culbreth St,3,2
2458933,12-Nov-22,California,Sacramento,4000 block of May St,0,4
2459005,12-Nov-22,Texas,Fort Worth,6655 Calgary Ln,0,4
2459259,12-Nov-22,California,Indio,Lilac Ct and Golden Rod Dr,1,3
2458467,12-Nov-22,New Jersey,Paterson,50 Block of N Main St,0,4
2459156,12-Nov-22,Tennessee,Memphis,S Goodlett St and Sheffield Ave,0,4
2458086,11-Nov-22,New Jersey,Jersey City,Virginia Ave and Martin Luther King Dr,0,4
2455710,7-Nov-22,Texas,Mcallen (McAllen),4700 block of Jasmine Ave,0,4
2453865,6-Nov-22,Illinois,Chicago,311 W Chicago Ave,1,3
2453892,6-Nov-22,Illinois,Chicago,5100 block of S Kolin Ave,0,5
2454565,6-Nov-22,California,Tulare,Rd 84 and Ave 208,0,5
2455484,6-Nov-22,Florida,Gainesville,500 SW 2nd Ave,0,4
2454281,5-Nov-22,New York,Buffalo,30 E Amherst St,0,4
2453744,5-Nov-22,Pennsylvania,Philadelphia,853 E Allegheny Ave,0,9
2452673,4-Nov-22,Florida,Orlando,10145 Myers Dr,4,2
2452798,4-Nov-22,Maryland,La Plata,3018 Wildflower Dr,5,0
2452501,3-Nov-22,Illinois,Chicago,3700 block of W Chicago Ave,0,4
2451028,2-Nov-22,Texas,Houston,2930 W Sam Houston Pkwy S,0,4
2451550,2-Nov-22,Mississippi,Hattiesburg,W 5th St,2,3
2450360,1-Nov-22,Colorado,Denver,1400 block of Verbena St,1,5
2450917,1-Nov-22,Maryland,Baltimore,2000 block of W Pratt St,0,4
2449986,31-Oct-22,Kansas,Kansas City,S 50th St and Elmwood Ave,1,6
2450557,31-Oct-22,Illinois,East Saint Louis,935 St Louis Ave,2,3
2449653,31-Oct-22,Illinois,Chicago,S California Ave and W Polk St,1,13
2448898,30-Oct-22,Tennessee,Memphis,3920 Park Ave,1,3
2448366,30-Oct-22,Colorado,Aurora,900 block of N Geneva St,4,0
2448287,30-Oct-22,Pennsylvania,Philadelphia,601 Spring Garden St,0,6
2448361,30-Oct-22,California,Covina,17000 block of E Bellbrook St,2,2
2448372,30-Oct-22,South Carolina,Charleston,1900 Hazelwood Dr,0,4
2448015,29-Oct-22,Florida,Orlando,8204 Crystal Clear Ln,0,6
2448330,29-Oct-22,Florida,Tallahassee,2101 W Pensacola St,1,9
2447980,28-Oct-22,Ohio,Toledo,Junction Ave and Belmont Ave,2,2
2447379,28-Oct-22,Pennsylvania,Pittsburgh,3737 Brighton Rd,0,5
2447217,27-Oct-22,Oklahoma,Broken Arrow,425 S Hickory Ave,8,0
2445686,25-Oct-22,Ohio,Hamilton,700 block of S 2nd St,2,2
2445939,25-Oct-22,North Carolina,Greensboro,900 block of Circle Dr,2,4
2443879,24-Oct-22,Missouri,Saint Louis,3125 S Kingshighway Blvd,3,4
2443849,24-Oct-22,Illinois,Chicago,3200 block of W 30th St,1,3
2443627,23-Oct-22,Texas,Brownsville,1200 block of W Saint Francis St,0,5
2443194,23-Oct-22,Illinois,Chicago,4300 block of S Kedzie Ave,3,2
2443276,23-Oct-22,Wisconsin,Milwaukee,N 34th St and W Wright St,0,4
2442695,22-Oct-22,Wisconsin,Milwaukee,W Fond Du Lac and W Hoyt Pl,0,6
2443257,22-Oct-22,North Carolina,Oxford,100 block of Granville St,0,6
2443287,22-Oct-22,Georgia,Cordele,1309 16th Ave E,0,4
2443231,22-Oct-22,Arizona,Phoenix,6330 W Miami St,1,7
2450590,21-Oct-22,Mississippi,Cleveland,511 Lee St,1,3
2442632,21-Oct-22,Louisiana,New Orleans,2200 block of N Galvez St,1,3
2444683,21-Oct-22,Wisconsin,Hartland,700 Mansfield Court,6,0
2442008,21-Oct-22,Louisiana,Baton Rouge,636 Harding Blvd,0,11
2441540,20-Oct-22,Ohio,Cleveland,4497 State Rd,0,5
2439423,17-Oct-22,Virginia,Woodbridge,5297 Mansfield Ct,4,0
2438904,16-Oct-22,Texas,El Paso,8500 block of Dyer St,1,3
2438505,16-Oct-22,Georgia,Atlanta,223 James P Brawley Dr SW,0,4
2439294,16-Oct-22,California,Lancaster,44236 20th St E,0,4
2438461,16-Oct-22,Virginia,Harrisonburg,1500 block of Devon Ln,0,8
2438121,15-Oct-22,Colorado,Denver,900 Dakin St,1,7
2438154,15-Oct-22,Massachusetts,Worcester,88 Webster St,0,6
2438494,15-Oct-22,New York,Freeport,Babylon Tpke and Independence Ave,0,4
2438482,15-Oct-22,Pennsylvania,Pittsburgh,300 block of Cedar Ave,3,1
2438723,15-Oct-22,Mississippi,Itta Bena,N/A,2,7
2437284,14-Oct-22,Pennsylvania,Philadelphia,Willard St and Shelbourne St,0,4
2436826,13-Oct-22,North Carolina,Raleigh,5300 block of Sahalee Way,5,3
2437177,13-Oct-22,North Carolina,New Bern,2100 block of New Bern Ave,0,4
2437630,13-Oct-22,Alabama,Lanett,1912 50th Ave SW,0,6
2434847,10-Oct-22,California,Delano,County Line Road and Road 136,1,3
2434247,9-Oct-22,South Carolina,Inman,280 Bobo Dr,5,0
2434128,9-Oct-22,Florida,Miami,525 NE 150th St,1,3
2439284,9-Oct-22,Oklahoma,Henryetta,US-75 and Catalpa Rd,4,0
2434326,9-Oct-22,Arkansas,Jacksonville,300 Marshall Rd,1,3
2433539,9-Oct-22,Florida,Tampa,908 N Franklin St,1,6
2434062,9-Oct-22,Texas,Beaumont,2550 I-10 Frontage Rd,0,5
2433352,8-Oct-22,California,Berkeley,Durant Ave and Telegraph Ave,1,3
2440211,8-Oct-22,Alabama,Hurtsboro,Ross Rd,2,2
2434151,8-Oct-22,Missouri,Saint Joseph,302 Illinois Ave,0,4
2432772,7-Oct-22,Oregon,Portland,SE 92nd Ave and Powell Blvd,0,4
2432893,7-Oct-22,Texas,Fort Worth,1200 block of Jessamine St,4,0
2431842,6-Oct-22,Kentucky,Louisville,5000 block of East Indian Trail,0,4
2431594,6-Oct-22,District of Columbia,Washington,1200 North Capitol St NW,1,3
2431069,5-Oct-22,Texas,Baytown,2000 block of Tri City Beach Rd,5,2
2428950,2-Oct-22,Tennessee,Nashville,600 block of S 7th St,0,4
2428715,2-Oct-22,Washington,Seattle,4300 block of University Way NE,0,4
2428678,1-Oct-22,California,Oakland,988 Apgar St,2,2
2427999,1-Oct-22,Pennsylvania,Philadelphia,5000 block of Frankford Ave,0,4
2427775,30-Sep-22,Oklahoma,Tulsa,4929 N Peoria Ave,1,3
2428456,30-Sep-22,Mississippi,Marks,1st St and W Main St,0,5
2426627,29-Sep-22,Texas,Mc Gregor,901 S Monroe St,5,1
2426042,28-Sep-22,California,Oakland,8251 Fontaine St,1,5
2425825,28-Sep-22,Ohio,Columbus,1680 Karl Ct,0,5
2425799,28-Sep-22,Maryland,Baltimore,5500 block of Bowleys Ln,0,4
2426382,28-Sep-22,Alabama,Uniontown,100-104 Birch Rd,0,5
2425393,27-Sep-22,New York,Corona (Queens),88-01 Atlantic Ave,0,4
2426137,27-Sep-22,New York,New York (Manhattan),W 116th St and 7th Ave,0,4
2426061,27-Sep-22,North Carolina,Goldsboro,1200 block of Olivia Ln,0,4
2425199,27-Sep-22,Pennsylvania,Philadelphia,6498 Ridge Ave,1,4
2425839,27-Sep-22,Florida,Jacksonville,A Philip Randolph Blvd and Union St,0,4
2423747,25-Sep-22,Pennsylvania,Harrisburg,2300 block of Woodlawn St,0,4
2423338,25-Sep-22,Indiana,Hammond,6217 Kennedy Ave,1,3
2423538,24-Sep-22,Ohio,Columbus,E 5th Ave and Osborn Ave,1,3
2423331,24-Sep-22,Georgia,Louisville,Forrest Dr,1,3
2424602,23-Sep-22,California,Castroville,N/A,0,4
2421430,22-Sep-22,Illinois,Chicago,E 35th St and S Prairie Ave,0,4
2420406,20-Sep-22,New York,Mount Vernon,333 S 8th Ave,0,4
2420637,20-Sep-22,Michigan,Niles,620 N 6th St,2,3
2419473,19-Sep-22,Georgia,Swainsboro,N Coleman St,1,3
2417634,18-Sep-22,New York,Corona (Queens),41st Ave and Warren St,1,3
2417641,18-Sep-22,Wisconsin,Kenosha,2232 Roosevelt Rd,2,2
2417863,18-Sep-22,Nevada,Las Vegas,4800 block of Holt Ave,0,5
2417696,18-Sep-22,Michigan,Allendale,10295 48th Ave,0,4
2417293,17-Sep-22,Missouri,Blue Springs,US 40 and Adams Dairy Pkwy,0,5
2416762,17-Sep-22,Minnesota,Minneapolis,Hennepin Ave and N 8th St,0,5
2416625,16-Sep-22,Wisconsin,Milwaukee,4100 block of N 13th St,0,5
2414276,14-Sep-22,Wisconsin,Milwaukee,1300 block of E Hamilton St,0,4
2415614,14-Sep-22,Florida,Miami (North Miami),NW 10th Ave and NW 131st St,0,5
2414858,14-Sep-22,California,Los Angeles,312 E 5th St,0,4
2414080,13-Sep-22,Illinois,Chicago,5531 S King Dr,2,7
2415479,13-Sep-22,California,Oakland,92nd Ave and Peach St,0,4
2413596,12-Sep-22,Oklahoma,Oklahoma City,1400 block of S Indiana Ave,0,4
2412198,11-Sep-22,Michigan,Detroit,13000 block of E Warren Ave,0,4
2412164,11-Sep-22,New Mexico,Santa Fe,Paseo Feliz,0,5
2412289,11-Sep-22,Michigan,Grand Rapids,N/A,0,4
2412487,11-Sep-22,North Carolina,Durham,4400 block of NC-55,1,3
2411801,10-Sep-22,Indiana,Plainfield,2688 E Main St,2,2
2411871,10-Sep-22,Kentucky,Lexington,Georgetown Rd and Parallel Rd,0,4
2411007,9-Sep-22,New York,Bronx,810 Astor Ave,0,4
2410446,9-Sep-22,Maryland,Elk Mills,47 Hebron Ct,5,0
2411901,9-Sep-22,Minnesota,Minneapolis,328 W Broadway Ave,1,3
2410704,8-Sep-22,Minnesota,Minneapolis,626 W Broadway Ave,0,4
2410269,8-Sep-22,California,Los Angeles,4th St and Broadway,0,4
2408990,7-Sep-22,Tennessee,Memphis,3100 block of Lyndale Ave,3,3
2407734,5-Sep-22,Missouri,Kansas City,7320 Manchester Ave,2,2
2407739,5-Sep-22,Missouri,Saint Louis,4400 block of Red Bud Ave,1,3
2406998,5-Sep-22,Georgia,Hartwell,1541 Anderson Hwy,2,2
2406862,5-Sep-22,Ohio,Cleveland,13902 Euclid Ave,1,10
2406852,5-Sep-22,Pennsylvania,Philadelphia,W Russell St and N 8th St,2,4
2406123,4-Sep-22,South Carolina,Charleston,King St and Morris St,0,7
2406597,4-Sep-22,Minnesota,Saint Paul,951 Case Ave E,3,2
2406108,4-Sep-22,Virginia,Norfolk,5005 Killam Ave,2,5
2406656,4-Sep-22,Florida,Fort Lauderdale (Lauderdale Lakes),3050 NW 41st St,0,4
2406651,4-Sep-22,Illinois,Chicago,8600 block of S Kingston Ave,2,2
2405689,3-Sep-22,California,Chico,1500 block of W 5th St,0,5
2405866,3-Sep-22,Illinois,Yorkville,8400 block of Immanuel Rd,0,4
2408075,3-Sep-22,Delaware,Dover,1200 N Dupont Hwy,0,4
2406042,3-Sep-22,Alabama,Birmingham,100 block of 3rd Ave W,2,2
2405859,3-Sep-22,Maryland,Capitol Heights,1428 Ritchie Rd,1,3
2405239,2-Sep-22,California,Fresno,Effie St and Grant Ave,2,3
2405020,2-Sep-22,Minnesota,Minneapolis,700 W Broadway Ave,0,4
2404930,2-Sep-22,New York,Brooklyn,223 Russell St,0,4
2400998,29-Aug-22,Missouri,Saint Louis (Jennings),8800 block of Cozens Ave,0,4
2399774,28-Aug-22,Wisconsin,Clinton,9221 E Little Ln,0,4
2400434,28-Aug-22,Oregon,Bend,2650 NE Hwy 20,3,2
2399820,28-Aug-22,New York,Albany,Hamilton St and Ontario St,0,6
2399670,28-Aug-22,Colorado,Denver,2731 42nd Ave,1,3
2400026,28-Aug-22,Michigan,Detroit,Wyoming Ave and W 7-Mile Rd,3,1
2399839,28-Aug-22,California,Los Angeles,2471 Whittier Blvd,0,6
2400492,28-Aug-22,Arizona,Phoenix,21636 N 26th Ave,3,5
2399755,28-Aug-22,Texas,Houston,8021 Dunlap St,4,2
2399576,27-Aug-22,New York,Brooklyn,W 29th St and Boardwalk W,1,4
2399000,27-Aug-22,Washington,Spokane,302 W Queen Ave,1,3
2398877,27-Aug-22,Kentucky,Lexington,207 Legends Ln,0,7
2398004,25-Aug-22,Kentucky,Henderson,804 Clay St,2,2
2397504,25-Aug-22,Washington,Spokane,701 N Chestnut St,0,4
2398118,25-Aug-22,Alabama,Birmingham,8th St W and Finley Blvd,1,3
2396803,24-Aug-22,Illinois,Chicago,3591 N Milwaukee Ave,0,4
2396536,24-Aug-22,District of Columbia,Washington,27 O Street NW,2,3
2397033,24-Aug-22,Wisconsin,Milwaukee,2622 N 22nd St,3,2
2396567,24-Aug-22,Maryland,Baltimore,Park Heights Ave and Shirley Ave,1,6
2396124,23-Aug-22,Pennsylvania,Philadelphia,N 60th St and Race St,2,2
2393758,21-Aug-22,Tennessee,Memphis,I-240 and Norris Rd,1,3
2393474,20-Aug-22,Delaware,Wilmington,Tatnall St and W 27th St,0,4
2393051,20-Aug-22,North Carolina,Asheville,11 Grove St,0,4
2392698,20-Aug-22,Illinois,Chicago,6200 block of S Michigan Ave,0,5
2392494,19-Aug-22,Illinois,Chicago,3300 block of W Flournoy St,1,4
2391779,19-Aug-22,Illinois,Chicago,5200 block of S Green St,0,4
2391353,18-Aug-22,Virginia,Norfolk,7433 Fenner St,3,2
2390519,17-Aug-22,Illinois,Chicago,7321 S Union Ave,0,4
2391042,17-Aug-22,Pennsylvania,Philadelphia,2800 block of Bonsal St,0,4
2398608,16-Aug-22,Michigan,Paw Paw,126 E Michigan Ave,0,4
2389775,16-Aug-22,Pennsylvania,Philadelphia,5700 Haverford Ave,0,5
2388884,16-Aug-22,Tennessee,Memphis,Austin Peay Hwy and New Covington Pike,0,6
2386954,14-Aug-22,Arizona,Phoenix,4601 E Granada Rd,1,4
2386871,14-Aug-22,Illinois,Chicago,1800 block of W 78th St,1,4
2386878,14-Aug-22,Maryland,Baltimore,5100 block of Harford Rd,1,3
2388144,13-Aug-22,Ohio,Cleveland,7500 block of Bessemer Ave,1,4
2386032,13-Aug-22,North Carolina,Raleigh,2414 Paula St,0,6
2387010,13-Aug-22,Georgia,Atlanta (College Park),5420 Riverdale Rd,1,4
2386151,13-Aug-22,Washington,Renton,1501 Orcas Ave,0,4
2385789,12-Aug-22,Pennsylvania,Philadelphia,5300 block of Charles St,1,3
2385846,12-Aug-22,Missouri,Saint Louis,5166 Dr Martin Luther King Dr,1,3
2383958,10-Aug-22,Mississippi,Winona,613 Powell St,1,3
2382827,8-Aug-22,Virginia,Richmond,3100 Carolina Ave,0,4
2381371,7-Aug-22,Pennsylvania,Pittsburgh,1700 block of Brighton Pl,1,3
2380747,7-Aug-22,Ohio,Cincinnati,1323 Main St,0,9
2381321,7-Aug-22,Georgia,Atlanta,477 Windsor St SW,2,4
2381000,7-Aug-22,Alabama,Birmingham,800 block of 2nd Ave N,1,4
2380361,6-Aug-22,Michigan,Detroit,Saratoga St and Gratiot Ave,1,4
2380869,6-Aug-22,Michigan,Detroit,19000 block of Andover St,1,6
2380783,6-Aug-22,Pennsylvania,Duquesne,Orchard Park Ave and Ridge St,0,4
2379316,5-Aug-22,Virginia,Norfolk,216 E Plume St,0,4
2379499,5-Aug-22,Ohio,Dayton,7120 Hardwicke Pl,4,0
2380017,5-Aug-22,Wisconsin,Milwaukee,N 91st St and W Allyn St,0,4
2378851,4-Aug-22,Tennessee,Nashville,371 Hickory Trace Dr,1,3
2379020,4-Aug-22,Nebraska,Laurel,503 Elm St,4,0
2377855,3-Aug-22,California,Panorama City,Parthenia St and Tobias Ave,1,4
2377529,3-Aug-22,Florida,Miami,10000 SW 173rd Terrace,0,5
2376380,2-Aug-22,New York,Albany,Central Ave and Lexington Ave,0,5
2377338,2-Aug-22,Florida,Orlando,9873 Lake District Ln,5,0
2376028,1-Aug-22,Ohio,Columbus,176 Rumsey Rd,2,3
2375725,1-Aug-22,California,Paramount,13801 Paramount Blvd,1,3
2375886,1-Aug-22,District of Columbia,Washington,444 16th St NE,1,5
2374750,31-Jul-22,Indiana,South Bend,St Joseph St and Milton St,0,4
2374430,31-Jul-22,Florida,Orlando,Wall St and S Orange Ave,0,7
2374401,31-Jul-22,Indiana,Indianapolis,Broad Ripple Ave and Guilford Ave,0,4
2374337,31-Jul-22,Michigan,Detroit,11637 Coyle St,2,6
2374990,31-Jul-22,Illinois,Decatur,2874 N Dinneen St,1,3
2375097,31-Jul-22,Connecticut,Hartford,1994 Main St,0,4
2373924,30-Jul-22,Louisiana,Monroe,2000 Peach St,1,3
2373692,30-Jul-22,Illinois,Wheeling,800 block of Fletcher Dr,0,5
2373859,30-Jul-22,Georgia,Girard,232 Claxton Rd,1,4
2373050,29-Jul-22,Maryland,Baltimore,3100 block of W North Ave,2,2
2373646,29-Jul-22,New Mexico,Albuquerque,4303 Estancia Dr NW,1,4
2373607,29-Jul-22,Ohio,Cleveland,E 154th St and Harvard Ave,1,3
2373111,29-Jul-22,Florida,Miami,10875 SW 216th St,0,4
2370760,27-Jul-22,Georgia,Macon,624 Forest Hill Rd,2,2
2371416,27-Jul-22,Louisiana,Hahnville,300 block of Sycamore St,1,3
2369720,25-Jul-22,Louisiana,New Orleans,2000 block of Saint Andrew St,0,4
2368110,24-Jul-22,South Carolina,Bennettsville,614 Hwy 15-401 Bypass E,1,3
2368575,24-Jul-22,California,San Pedro,560 N Western Ave,2,6
2368029,24-Jul-22,Georgia,Atlanta,1695 Northside Dr NW,0,8
2368308,24-Jul-22,Texas,Fort Worth,2350 S Riverside Dr,1,3
2367984,23-Jul-22,Virginia,Richmond,2220 Broad Rock Blvd,0,5
2367664,23-Jul-22,Texas,El Paso,14100 block of Honey Point Dr,0,4
2367289,23-Jul-22,North Carolina,Pinebluff,212 Primrose Path,1,4
2367193,23-Jul-22,Washington,Renton,100 block of Logan Ave S,1,6
2368018,23-Jul-22,Illinois,Chicago,5400 block of S Paulina St,0,4
2367176,23-Jul-22,Illinois,Chicago,2700 block of W Jackson Blvd,0,4
2367157,23-Jul-22,Illinois,Rockford,1401 N 2nd St,2,2
2367972,23-Jul-22,Michigan,Kalamazoo,1300 block of N Church St,0,9
2366273,21-Jul-22,California,Los Angeles,210 W 7th St,0,5
2363589,19-Jul-22,Nebraska,Lincoln,2835 T St,0,4
2362912,18-Jul-22,Georgia,Atlanta,440 Thomasvillle Blvd,0,5
2362595,17-Jul-22,Washington,Mount Vernon,2301 Freeway Dr,0,5
2362141,17-Jul-22,New York,Brooklyn,265 Livonia Ave,0,4
2361849,17-Jul-22,Michigan,Detroit,N/A,0,4
2362011,17-Jul-22,Indiana,Greenwood,1251 US Hwy 31 N,4,2
2362215,17-Jul-22,Indiana,Beech Grove,1100 S 9th Ave,1,3
2361609,17-Jul-22,Michigan,Grand Rapids,77 Cesar E Chavez Ave SW,0,4
2361654,17-Jul-22,Georgia,Milledgeville,Leo Ct and Nobles Ct,0,5
2362282,17-Jul-22,New Jersey,Newark,751 Broadway,0,4
2362562,17-Jul-22,Washington,Vancouver,E 11th St and E McLoughlin Blvd,2,2
2361532,16-Jul-22,District of Columbia,Washington,200 block of Adams St NE,1,3
2360953,16-Jul-22,Ohio,Columbus,3475 Sullivant Ave,2,2
2361097,16-Jul-22,South Carolina,North Charleston,8440 Dorchester Rd,0,4
2361614,16-Jul-22,Texas,Houston,2331 Bammelwood Dr,4,0
2362355,16-Jul-22,Louisiana,Monroe,2200 block of Adams St,0,5
2361490,16-Jul-22,Pennsylvania,Philadelphia,1300 block of E Luzerne St,0,4
2359843,14-Jul-22,Illinois,Chicago,4400 block of W Maypole St,0,4
2359229,14-Jul-22,Pennsylvania,Philadelphia,1901 Spring Garden St,0,4
2358938,13-Jul-22,Pennsylvania,Philadelphia,Wyalusing Ave and N Creighton St,0,4
2358861,13-Jul-22,Indiana,Indianapolis,3629 Merrick Way,1,3
2358856,13-Jul-22,Minnesota,Minneapolis,1818 Lowry Ave N,0,4
2358329,12-Jul-22,Massachusetts,Boston,39 Warren St,0,4
2358053,11-Jul-22,Mississippi,Jackson,Fairway St and Suncrest Dr,0,4
2356705,10-Jul-22,Illinois,Crest Hill,1828 Knapp Dr,1,4
2356327,10-Jul-22,Missouri,Kansas City,4128 Broadway Blvd,1,5
2355580,10-Jul-22,California,Downey,8100 block of Leeds St,3,2
2356813,10-Jul-22,Texas,Alvin,1500 block of County Road 149,1,3
2355438,10-Jul-22,Illinois,Chicago,448 N State St,0,4
2355398,10-Jul-22,New York,Brooklyn,Boardwalk and W 21st St,0,5
2355962,9-Jul-22,Alabama,Jacksons Gap,Manoy Dr,0,4
2354111,8-Jul-22,North Carolina,Greensboro,1200 block of Fairview St,0,4
2354825,8-Jul-22,Michigan,Detroit,3400 block of 2nd Ave,0,4
2353847,7-Jul-22,Illinois,Chicago,2800 block of W Polk St,0,4
2352780,6-Jul-22,Florida,Tampa,Courtland St N and Chelsea St E,0,4
2352444,6-Jul-22,Illinois,Chicago,1820 W Maypole Ave,0,4
2352349,6-Jul-22,Minnesota,Saint Cloud,Sixth Ave S and 11th St S,0,4
2352342,5-Jul-22,Ohio,Steubenville,601 South St,0,4
2349853,5-Jul-22,Indiana,Gary,1900 block of Missouri St,3,7
2349723,5-Jul-22,New York,Rochester,485 N Clinton Ave,1,3
2348384,4-Jul-22,Illinois,Highland Park,Central Ave and 2nd St,8,29
2348163,4-Jul-22,Massachusetts,Boston,Dorchester Ave and Bailey St,0,4
2350033,4-Jul-22,Minnesota,Minneapolis,724 Sibley St NE,0,7
2349746,4-Jul-22,Wisconsin,Kenosha,6321 25th Ave,1,4
2348230,4-Jul-22,California,Sacramento,1525 L St,1,4
2348750,4-Jul-22,Missouri,Kansas City,E 13th St and Grand Blvd,0,4
2349545,4-Jul-22,Colorado,Denver,2100 block of W Pacific Pl,1,3
2349758,4-Jul-22,New York,Corona (Queens),171st St and 137th Ave,0,4
2348204,4-Jul-22,Illinois,Chicago,6500 block of S Martin Luther King Dr,0,5
2348167,4-Jul-22,Virginia,Richmond,10 block of W Broad St,0,6
2348191,3-Jul-22,Virginia,Manassas,8129 Sudley Rd,0,4
2347373,3-Jul-22,South Carolina,Mullins,Leroy Bethea St and Jennings Rd,0,4
2348303,3-Jul-22,Arizona,Surprise,W Carlin Dr,3,4
2348263,3-Jul-22,Washington,Tacoma,3300 block of S Asotin St,0,4
2347060,2-Jul-22,Texas,Haltom City,5700 block of Diamond Oaks Dr N,3,4
2347228,2-Jul-22,New York,Corona (Queens),129-09 89th Ave,1,3
2347297,2-Jul-22,North Carolina,Clinton,506 Stetson St,0,6
2346422,1-Jul-22,Illinois,Chicago,3800 block of W Monroe St,0,4
2346406,1-Jul-22,Mississippi,Greenwood,Johnson St and Main St,1,7
2345410,1-Jul-22,Illinois,Chicago,408 S Wells St,2,3
2345144,30-Jun-22,Kentucky,Allen,49 N Railroad St,3,5
2344954,30-Jun-22,New Jersey,Newark,291 Clinton Pl,0,9
2344008,29-Jun-22,New Jersey,Jersey City,166 Bayview Ave,0,4
2344201,29-Jun-22,Pennsylvania,Philadelphia,1100 block of E Price St,0,4
2341725,27-Jun-22,North Carolina,Charlotte,2000 block of Holly St,0,5
2340458,26-Jun-22,Georgia,Blakely,N Church St and Washington Ave,1,6
2340720,26-Jun-22,Virginia,Sutherlin,1220 Kerns Church Rd,1,7
2340685,26-Jun-22,New Jersey,Paterson,Madison St and Essex St,0,5
2340473,26-Jun-22,Texas,San Antonio,3805 Blanco Rd,1,3
2340696,26-Jun-22,Texas,Winona,18005 FM 2767,0,5
2340409,26-Jun-22,Washington,Tacoma,5415 S Tacoma Way,0,8
2340297,25-Jun-22,New York,Brooklyn,690 Quincy St,0,4
2339761,25-Jun-22,Texas,Houston,4207 Madden St,2,2
2340347,25-Jun-22,Minnesota,Minneapolis,SE Main St and 6th Ave SE,0,4
2339866,24-Jun-22,Virginia,Hopewell,Elm St and Arlington Rd,2,2
2338874,24-Jun-22,Pennsylvania,Philadelphia,S Bucknell St and Oakford St,2,2
2338902,23-Jun-22,Illinois,Chicago,7900 block of S Lafayette Ave,1,3
2335052,20-Jun-22,New York,New York (Manhattan),5th Ave and W 139th St,1,8
2335872,20-Jun-22,New York,Staten Island,Taft Ave and Westervelt Ave,0,5
2334920,19-Jun-22,District of Columbia,Washington,14th St NW and U St NW,1,3
2334936,19-Jun-22,Michigan,Detroit,18501 Healy St,1,3
2334374,19-Jun-22,Michigan,Grand Rapids,Griggs St SE and Division St,0,4
2334512,19-Jun-22,Florida,Miami,US-1 and SW 22nd Ave,0,5
2334620,19-Jun-22,South Carolina,Walterboro,1109 Rivers St,2,2
2334359,18-Jun-22,Texas,San Antonio,2500 block of Patron Dr,2,5
2333675,18-Jun-22,Florida,Pensacola,15 E Intendencia St,0,5
2334096,17-Jun-22,Maryland,Baltimore,1800 block of W Lafayette Ave,0,4
2333667,17-Jun-22,Illinois,Chicago,3000 block of S Rhodes Ave,0,5
2333154,16-Jun-22,California,Oakland,316 14th St,1,4
2328374,12-Jun-22,California,Los Angeles,3300 block of E 14th St,3,4
2328532,12-Jun-22,Michigan,Roseville,27000 block of Kelly St,0,4
2328265,12-Jun-22,Indiana,Gary,1700 Grant St,2,4
2328215,12-Jun-22,Indiana,Indianapolis,9200 block of Sussex Ter,0,5
2328117,12-Jun-22,Louisiana,New Orleans,3940 Tulane Ave,0,4
2328342,12-Jun-22,Colorado,Denver,4600 block of Colorado Ave,2,4
2360288,11-Jun-22,New Mexico,Alamogordo,N/A,0,5
2327598,11-Jun-22,Michigan,Detroit,13500 block of Cloverlawn Ave,0,4
2327645,11-Jun-22,Illinois,Chicago,8600 block of S Damen Ave,1,4
2328482,11-Jun-22,Georgia,Atlanta (College Park),6500 block of Woodford Rd,0,7
2328108,11-Jun-22,Tennessee,Antioch,660 Bell Rd,2,2
2327991,11-Jun-22,Kentucky,Louisville,1101 River Rd,0,6
2327247,10-Jun-22,Georgia,Decatur,2801 Candler Rd,1,3
2325498,9-Jun-22,Maryland,Smithsburg,12912 Bikle Rd,3,3
2325328,8-Jun-22,Arizona,Yuma,1500 block of S 4th Ave,0,4
2323642,7-Jun-22,Virginia,Portsmouth,1628 Maple Ave,4,0
2324475,7-Jun-22,Illinois,Chicago,1223 S Lawndale Ave,0,4
2324435,7-Jun-22,Maryland,Baltimore,5500 block of Plainfield Ave,2,2
2324496,7-Jun-22,Illinois,Chicago,13000 block of S Champlain Ave,0,4
2321772,5-Jun-22,Michigan,Saginaw,300 block of S 11th St,3,2
2321440,5-Jun-22,Arizona,Mesa,1457 W Southern Ave,2,2
2321532,5-Jun-22,Tennessee,Chattanooga,2125 McCallie Ave,2,12
2321693,5-Jun-22,Michigan,Grand Rapids,Pearl St NW and Ottawa Ave NW,1,3
2322804,5-Jun-22,South Carolina,Andrews,3000 block of County Line Road,0,5
2321193,4-Jun-22,Michigan,Ecorse,3800 block of W Jefferson Ave,0,4
2321593,4-Jun-22,South Carolina,Summerton,4193 St Paul Rd,1,7
2321500,4-Jun-22,Georgia,Macon,300 Block of Jones Ave,2,2
2320673,4-Jun-22,Texas,El Paso (Socorro),10851 Thunder Rd,0,5
2321266,4-Jun-22,Pennsylvania,Philadelphia,200 block of South St,3,11
2320618,4-Jun-22,Arizona,Phoenix,N 10th Ave and W Hatcher Rd,1,8
2321698,4-Jun-22,New York,Hempstead,77 Terrace Ave,1,3
2320862,3-Jun-22,Nebraska,Omaha,2931 T St,1,3
2320361,3-Jun-22,Virginia,Chester,10960 block of Stepney Rd,1,5
2319567,2-Jun-22,Texas,Centerville,1696 TX-7 W,6,0
2318310,1-Jun-22,Oklahoma,Tulsa,6161 S Yale Ave,5,0
2318046,31-May-22,Texas,Waco,1900 block of Preston St,0,4
2316616,30-May-22,Michigan,Benton Harbor,999 Pipestone St,1,6
2315903,30-May-22,Pennsylvania,Philadelphia,N Delaware Ave and E Tioga St,2,2
2317016,30-May-22,South Carolina,Charleston,America St and South St,0,9
2315150,29-May-22,Oklahoma,Taft,104 Elm St,1,7
2315892,29-May-22,Illinois,Chicago,4400 block of W Walton St,1,4
2316364,29-May-22,Texas,Houston,11654 Walnut Dale Ct,0,4
2315605,29-May-22,Arizona,Phoenix,N 58th St and W Windsor Ave,1,5
2315074,29-May-22,Illinois,Chicago,800 block of S Karlov Ave,0,5
2315361,29-May-22,Nevada,Henderson,I-11 and Horizon Dr,0,7
2314991,28-May-22,Tennessee,Chattanooga,100 block of Cherry St,0,6
2315338,28-May-22,California,Fresno,2233 N 1st St,1,3
2315417,28-May-22,Florida,Malabar,2500 block of Billie Ln,0,4
2315190,28-May-22,Colorado,Colorado Springs,3800 block of E Pikes Pike Ave,1,3
2315333,28-May-22,California,Merced,2600 block of Cowden Ave,1,3
2314951,28-May-22,Tennessee,Memphis,Chelsea Ave and Peres Ave,0,4
2313988,27-May-22,Alabama,Anniston,1204 Front St,0,6
2313970,27-May-22,Michigan,Stanwood,10711 185th Ave,4,1
2312678,25-May-22,Pennsylvania,Philadelphia,3500 block of Fairmount Ave,0,4
2310278,24-May-22,Texas,Uvalde,715 Old Carrizo Rd,22,17
2309711,23-May-22,South Carolina,North Charleston,7550 Dorchester Rd,0,5
2311123,23-May-22,Ohio,Cleveland,1032 Hartley Rd,0,5
2308096,21-May-22,Indiana,Goshen,1204 Rosemare Ct,2,3
2308395,21-May-22,Washington,Tacoma,S Yakima Ave and S 56th St,0,4
2308017,20-May-22,California,Highland,3606 Highland Ave,1,8
2307631,20-May-22,Florida,Kissimmee,2331 Old Dixie Hwy,1,3
2307813,20-May-22,Louisiana,New Orleans,St. Claude Ave and Forstall St,1,3
2307044,19-May-22,Illinois,Chicago,800 block of N State St,2,7
2306277,18-May-22,Pennsylvania,Philadelphia,1500 block of Bouvier St,0,5
2305208,17-May-22,California,Palo Alto (East Palo Alto),2500 block of Fordham St,1,3
2302847,15-May-22,California,Laguna Woods,24301 El Toro Rd,1,5
2303130,15-May-22,North Carolina,Winston Salem (Winston-salem),2000 block of 25th St,0,7
2304029,15-May-22,North Carolina,Elizabeth City,901 S Martin Luther King Jr Dr,0,4
2302740,15-May-22,Texas,Houston,8729 Airline Dr,2,3
2303337,15-May-22,Texas,Amarillo,1003 N Fillmore St,1,4
2301751,14-May-22,New York,Buffalo,1275 Jefferson Ave,10,3
2301494,13-May-22,Wisconsin,Milwaukee,Water St and Juneau Ave,0,16
2354757,13-May-22,Louisiana,Napoleonville,N/A,0,5
2300713,12-May-22,Arkansas,Hot Springs National Park (Hot Springs),134 Convention Blvd,1,4
2299660,11-May-22,Illinois,Chicago,6800 block of S Ashland Ave,0,4
2299126,11-May-22,Indiana,Indianapolis,701 Canal Walk,0,5
2299793,11-May-22,Missouri,Saint Louis,5000 block of N Kingshighway Blvd,1,3
2300830,11-May-22,New Jersey,Paterson,36 Essex St,1,4
2298872,10-May-22,Maryland,Baltimore,2800 block of Boarman Ave,0,5
2298836,10-May-22,Illinois,Chicago,4800 block of S Ada St,1,4
2299407,10-May-22,Illinois,Chicago,6400 block of S Richards Dr,0,6
2298519,10-May-22,Pennsylvania,Philadelphia,Allegheny Ave and G St,0,4
2298591,10-May-22,Maryland,Baltimore,700 block of N Rose St,1,3
2299176,10-May-22,Texas,Brookshire,Purdy and 4th St,1,3
2297823,9-May-22,Michigan,Detroit,12600 block of McCoy Cir,0,4
2298092,9-May-22,Alabama,Tuscaloosa,4420 21st St,0,5
2297261,8-May-22,Georgia,Clarkston,6500 block of Old Hampton Dr,3,3
2296191,7-May-22,Kentucky,Lexington,1560 LaSalle Rd,2,3
2296224,7-May-22,Florida,Miami,NW 37th St and NW 32nd Ave,0,4
2296808,7-May-22,Texas,Garland,800 block of Magnolia Dr,2,2
2296037,6-May-22,Louisiana,New Orleans,4800 block of Alcee Fortier Blvd,2,4
2296064,5-May-22,Washington,Sunnyside,613 S 6th St,0,5
2293603,3-May-22,Louisiana,Baton Rouge,2100 block of North 39th St,0,5
2294515,3-May-22,Kansas,Cowley (county),N/A,0,4
2294477,3-May-22,Texas,Beaumont,3580 S Martin Luther King Jr Pkwy,0,5
2291712,1-May-22,Louisiana,Lafayette,500 Jefferson St,0,12
2291578,1-May-22,Ohio,Springfield,Clifton Ave and Rice St,1,4
2292452,1-May-22,Florida,Tarpon Springs,Safford Ave and Boyer St,0,6
2292613,1-May-22,South Carolina,North Charleston,US-52 and Ashley Phosphate Rd,1,3
2291618,30-Apr-22,Georgia,Atlanta,445 Cleveland Ave SE,1,4
2291470,30-Apr-22,Mississippi,Jackson,1207 Mississippi Street,1,5
2291185,29-Apr-22,Tennessee,Jackson,310 North Pkwy,2,2
2290903,29-Apr-22,Louisiana,New Orleans,3201 Magazine St,0,6
2291534,29-Apr-22,Mississippi,Laurel,Ferrell St and Poplar Dr,0,4
2290026,28-Apr-22,Alabama,Bessemer,1800 block of Berkley Ave,1,3
2288928,27-Apr-22,Illinois,Chicago,4400 block of W Jackson Blvd,0,4
2289308,27-Apr-22,Louisiana,Opelousas,700 block of Mia St,2,3
2288842,27-Apr-22,Mississippi,Biloxi,2688 Beach Blvd,4,0
2289610,27-Apr-22,Texas,San Antonio,3399 Wurzbach Rd,0,5
2289382,27-Apr-22,Arizona,Phoenix,6719 W Thomas Rd,0,4
2287581,25-Apr-22,Alabama,Birmingham,821 3rd Ave W,1,3
2286363,24-Apr-22,South Carolina,Myrtle Beach,12th Ave N and Withers Alley,1,3
2286061,24-Apr-22,Indiana,Lafayette,2905 Westchester Ln W,2,4
2285772,23-Apr-22,Illinois,Chicago,2000 block of W 51st St,2,2
2285612,23-Apr-22,North Carolina,Rocky Mount,1171 Jefferies Rd,0,4
2285860,23-Apr-22,Georgia,Atlanta,135 Andrew Young International Blvd NW,0,5
2286089,23-Apr-22,California,San Bernardino,1036 W Highland Ave,1,4
2285158,22-Apr-22,Virginia,Petersburg,200 block of Holly Hill Dr,1,5
2285242,22-Apr-22,Ohio,Cincinnati,Kemper Ln and E McMillan St,0,4
2284819,22-Apr-22,District of Columbia,Washington,2900 block of Van Ness St NW,1,4
2285267,21-Apr-22,Arkansas,Mountain View,646 Northcutt Rd,4,0
2283535,20-Apr-22,Minnesota,Duluth,715 E 12th St,5,0
2281171,17-Apr-22,Pennsylvania,Philadelphia,2800 block of Orkney St,0,4
2281541,17-Apr-22,Oregon,Portland,16150 SE Stark St,1,3
2280875,17-Apr-22,South Carolina,Furman,72 Ashley Circle Rd,0,9
2281164,17-Apr-22,California,Sacramento,7200 block of Franklin Blvd,1,3
2281483,17-Apr-22,Florida,Miami,15020 South River Dr,1,3
2280711,17-Apr-22,Pennsylvania,Pittsburgh,900B Madison Ave,2,9
2282256,17-Apr-22,Louisiana,Baldwin,Rosebud Rd and Baptiste St,0,5
2280204,16-Apr-22,South Carolina,Columbia,100 Columbiana Cir,0,9
2280495,16-Apr-22,Maryland,Baltimore,5300 block of Maple Ave,1,3
2281244,16-Apr-22,Nevada,North Las Vegas,4900 block of Support St,0,4
2281410,16-Apr-22,Texas,Daingerfield,FM 144 and Edwards Rd,1,6
2280017,16-Apr-22,New York,Syracuse,300 block of S Clinton St,1,4
2280504,15-Apr-22,California,Stockton,300 block of Coventry Dr,2,2
2276339,12-Apr-22,New York,Brooklyn,36th St and 4th Ave,0,10
2277011,12-Apr-22,New York,Bronx,2825 Olinville Ave,1,3
2275242,10-Apr-22,Louisiana,Baton Rouge,2700 block of Lorraine St,0,4
2274790,10-Apr-22,Iowa,Cedar Rapids,415 3rd St SE,3,9
2274803,10-Apr-22,Illinois,Elgin,958 Congdon Ave,2,4
2275283,10-Apr-22,California,Willowbrook,Blakley Ave and E 122nd Pl,2,5
2274783,10-Apr-22,Indiana,Indianapolis,4270 W 38th St,1,5
2274296,9-Apr-22,Florida,Miami,6816 NW 15th Ave,0,4
2274855,9-Apr-22,District of Columbia,Washington,O St SW and Half St SW,0,4
2272394,6-Apr-22,Pennsylvania,Philadelphia,Griscom St and Arrott St,1,4
2270747,4-Apr-22,Kentucky,Covington,Russell St and W 16th St,0,4
2270578,4-Apr-22,Connecticut,Hartford,Bedford St and Mather St,1,3
2269429,3-Apr-22,New York,Buffalo,400 block of Genesee St,0,4
2269745,3-Apr-22,California,San Francisco,670 Brunswick St,2,2
2269100,3-Apr-22,Texas,Dallas,5050 Cleveland Rd,1,16
2269082,3-Apr-22,California,Sacramento,J St and 10th St,6,12
2268723,2-Apr-22,North Carolina,Shelby,1851 E Dixon Blvd,1,3
2268762,2-Apr-22,Louisiana,Monroe,100 Sterlington Rd,1,5
2269059,2-Apr-22,Colorado,Colorado Springs,2400 block of Barkman Dr,0,4
2269034,2-Apr-22,Louisiana,Shreveport,2025 Marshall St,1,3
2269259,1-Apr-22,South Carolina,Walterboro,1900 Block of Logan Farm Rd,0,4
2264094,26-Mar-22,California,Hollister,Rustic St and Roble St,2,3
2265029,26-Mar-22,Ohio,Cleveland,1437 St Clair Ave NE,0,4
2263608,25-Mar-22,Colorado,Colorado Springs,820 Citadel Dr E,2,2
2260129,22-Mar-22,California,Stockton,1800 West Lane,1,3
2259262,21-Mar-22,Connecticut,Waterbury,23 Scovill St,0,4
2259413,21-Mar-22,Illinois,Chicago,1650 E 79th St,2,2
2258324,20-Mar-22,Wisconsin,Milwaukee,2822 W Melvina St,0,4
2258156,20-Mar-22,Texas,Austin,E 6th St and Neches St,0,4
2258224,20-Mar-22,Texas,Houston,2955 S Sam Houston Pkwy E,1,3
2257316,19-Mar-22,Virginia,Norfolk,320 Granby St,3,2
2258012,19-Mar-22,North Carolina,Fayetteville,1707 Owen Dr,3,3
2257739,19-Mar-22,Arkansas,Dumas,611 Highway 65 S,1,26
2257674,19-Mar-22,Virginia,Madison Heights,351 Old Wright Shop Rd,1,4
2258182,19-Mar-22,Texas,Dallas,5214 Botham Jean Blvd,1,9
2256453,18-Mar-22,Texas,Fort Worth,1600 block of NW Loraine St,1,3
2257778,18-Mar-22,Louisiana,New Iberia,200 block of C V Jackson Dr,0,5
2257132,17-Mar-22,Michigan,Lansing,2200 block of E Michigan Ave,0,4
2256398,17-Mar-22,Illinois,Chicago,4100 block of W Monroe St,0,4
2255816,17-Mar-22,Florida,Fort Lauderdale,1300 W Broward Blvd,2,2
2255832,16-Mar-22,New Jersey,Irvington,800 block of 18th Ave,1,3
2256080,16-Mar-22,New Jersey,Irvington,862 18th Ave,1,3
2254579,15-Mar-22,Alabama,Ozark,1001 US Hwy 231,0,5
2253714,14-Mar-22,Pennsylvania,Reading,1300 block of Meade St,1,3
2252873,13-Mar-22,Illinois,Chicago,7902 S Exchange Ave,0,7
2252500,13-Mar-22,New York,Rochester,471 State St,2,2
2252792,13-Mar-22,South Carolina,Columbia,810 Pulaski St,1,4
2252719,12-Mar-22,Maryland,Baltimore,Gwynn Oak Ave and Liberty Heights Ave,3,1
2253654,12-Mar-22,Alabama,Autaugaville,200 block of N Pickett St,1,3
2251416,11-Mar-22,Ohio,Columbus,1644 E Dublin-Granville Rd,2,2
2250540,9-Mar-22,Colorado,Aurora,3300 N Ouray St,1,4
2250151,8-Mar-22,Florida,Jacksonville,Duval Station Rd and Starratt Rd,1,4
2249608,7-Mar-22,Tennessee,Knoxville,5800 block of Primus Rd,0,4
2247617,6-Mar-22,Minnesota,Minneapolis,2720 Blaisdell Ave,1,3
2248066,6-Mar-22,Pennsylvania,Hazleton,182 S  Wyoming St,1,4
2247842,6-Mar-22,Kentucky,Louisville,601 E Jefferson St,0,4
2247828,6-Mar-22,Texas,Lubbock,1800 block of Parkway Dr,0,4
2247622,6-Mar-22,South Carolina,Chester,Powell Dr and Harvey Neely Rd,2,3
2248613,6-Mar-22,Louisiana,Monroe,1051 Martin Luther King Junior Drive,0,4
2247747,5-Mar-22,Arizona,Glendale,4810 W Glendale Ave,1,3
2247025,5-Mar-22,Georgia,Atlanta,I-75 and Arthur B. Langford Jr. Pkwy,0,4
2246387,3-Mar-22,Nevada,Las Vegas,4055 S University Center Dr,1,6
2245620,2-Mar-22,Maryland,Baltimore,Walbrook Ave and N Dukeland St,1,3
2243861,28-Feb-22,California,Sacramento,2041 Wyda Way,5,0
2243285,27-Feb-22,Louisiana,Alexandria,3700 block of 3rd St,0,4
2242345,26-Feb-22,South Carolina,North Charleston,2622 S Allen Dr,1,3
2242153,26-Feb-22,Nevada,Las Vegas,953 E Sahara Ave,1,14
2244673,26-Feb-22,Louisiana,Bogalusa,E 4th St and Martin Luther King Jr Dr,0,10
2241857,25-Feb-22,Louisiana,Baton Rouge,6401 Bluebonnet Blvd,2,2
2241299,24-Feb-22,Texas,San Antonio,90 Lanark Dr,0,4
2238575,21-Feb-22,Minnesota,Saint Paul,488 Humboldt Ave,1,3
2238165,20-Feb-22,Iowa,Des Moines,100 block of Water St,0,4
2238657,20-Feb-22,Nebraska,Omaha,1817 N 33rd St,0,4
2238403,20-Feb-22,Oregon,Portland,SE Foster Rd and 128th Ave,1,3
2238312,20-Feb-22,Mississippi,Mccomb,Minnesota Ave and 6th St,1,3
2237697,19-Feb-22,Oregon,Portland,NE 55th Ave and NE Hassalo St,1,6
2237593,19-Feb-22,Missouri,Charleston,106 S Franklin St,2,14
2237196,19-Feb-22,California,Turlock,142 S 1st St,0,7
2237058,19-Feb-22,North Carolina,Durham,1400 E Cornwallis Rd,2,2
2236857,18-Feb-22,Maryland,Temple Hills (Marlow Heights),4200 block of 28th Ave,2,2
2236155,17-Feb-22,Pennsylvania,Philadelphia,164 W Chelten Ave,0,4
2235778,17-Feb-22,Texas,Houston,3000 Blodgett St,0,5
2235366,16-Feb-22,Florida,Miami,NW 99th St and NW 21st Ave,1,3
2234868,15-Feb-22,Illinois,Joliet,700 block of Francis St,1,3
2232854,13-Feb-22,Wisconsin,Racine,7th St and Park Ave,1,5
2232287,12-Feb-22,California,West Hollywood,401 N La Cienega Blvd,0,4
2232351,12-Feb-22,Tennessee,Murfreesboro,1644 Middle Tennessee Blvd,1,4
2232476,12-Feb-22,Arkansas,Little Rock,200 block of E 7th St,1,3
2231921,11-Feb-22,Missouri,Springfield,E Kearney St and N Prospect Ave,0,4
2231371,11-Feb-22,Arizona,Phoenix,5405 W Warner St,2,9
2228979,6-Feb-22,Illinois,Romeoville,735 N Center Blvd,0,5
2228510,6-Feb-22,California,Fresno,S Clara Ave and E Lorena Ave,2,2
2228660,6-Feb-22,North Carolina,Wilmington,200 block of North 31st St,0,4
2227759,6-Feb-22,Florida,Fort Lauderdale,5280 FL-7,0,4
2227058,5-Feb-22,Texas,Corsicana,2919 W 2nd Ave,8,0
2227187,5-Feb-22,New Mexico,Las Cruces,1900 block of Gladys Dr,1,3
2227035,4-Feb-22,Virginia,Blacksburg,109 N Main St,1,4
2225493,2-Feb-22,California,Oroville,410 Oro Dam Blvd E,1,4
2224788,1-Feb-22,Wisconsin,Milwaukee,1801 W Olive St,0,5
2224013,31-Jan-22,North Carolina,Raleigh,3120 New Bern Ave,1,3
2222953,30-Jan-22,Florida,Winter Haven,Buckeye Loop Rd and MLK Blvd NE,1,4
2223019,30-Jan-22,Georgia,Augusta,2623 Deans Bridge Rd,1,3
2222557,29-Jan-22,Missouri,Saint Louis,4900 block of Cote Brilliante,3,1
2222383,29-Jan-22,Georgia,Atlanta,899 Martin Luther King Jr Dr NW,1,3
2222766,29-Jan-22,California,Bakersfield,10612 Rosedale Hwy,0,4
2220985,27-Jan-22,District of Columbia,Washington,4400 Connecticut Ave,1,4
2217882,23-Jan-22,California,Inglewood,1300 block of North Park Ave,4,1
2218159,23-Jan-22,Wisconsin,Milwaukee,2505 N 21st St,6,0
2215955,19-Jan-22,Maryland,Baltimore,E Monument St and N Montford Ave,3,1
2215256,19-Jan-22,Louisiana,New Orleans,7800 block of Keats St,0,4
2214013,18-Jan-22,Florida,Miami,10702 NW 7th Ave,1,4
2214306,17-Jan-22,Texas,San Antonio,400 block of Spriggsdale Ave,1,4
2213456,16-Jan-22,Georgia,Savannah,1100 Graydon St,1,3
2212203,15-Jan-22,Tennessee,Knoxville,2700 block of Tarleton Ave,0,4
2212018,15-Jan-22,Georgia,Brunswick,2717 Glynn Ave,1,5
2211746,14-Jan-22,Oregon,Eugene,219 W 8th Ave,0,6
2210480,13-Jan-22,New York,Brooklyn,1014 E 92nd St,1,3
2209840,12-Jan-22,Illinois,Chicago,S King Dr and E 63rd St,0,4
2207435,9-Jan-22,California,Fresno,724 E Olive Ave,0,4
2207931,9-Jan-22,California,Los Angeles,W 35th St and S Hill St,2,4
2207469,9-Jan-22,Alabama,Montgomery,3020 Atlanta Hwy,1,6
2207406,9-Jan-22,Colorado,Colorado Springs,1960 Chelton Rd,2,3
2206813,8-Jan-22,Texas,Houston,7136 Clarewood Dr,1,3
2205024,4-Jan-22,Mississippi,Jackson,3207 W Capitol St,1,3
2202976,2-Jan-22,Texas,Corsicana,1100 block of S 29th St,2,2
2202727,2-Jan-22,Texas,San Antonio,427 Montrose,2,2
2202025,1-Jan-22,Missouri,Columbia,122 S 9th St,0,4
2201629,1-Jan-22,Pennsylvania,Philadelphia,1600 block of Cecil B Moore Ave,1,4
2201641,1-Jan-22,Wisconsin,Kenosha,1708 52nd St,1,3
2202001,1-Jan-22,Illinois,Peoria,2000 block of SW Adams St,2,2
2201876,1-Jan-22,South Carolina,Dillon,3261 Hwy 9,0,5
2201848,1-Jan-22,Indiana,South Bend,1500 block of S Miami St,0,4
2201677,1-Jan-22,Colorado,Denver,1919 Blake St,2,2
